PromotionKey,PromotionName,DiscountPercent,StartDate,EndDate
1,No Discount,0,01/01/2020,31/12/2022
2,Singapore Spring Promotion,0.05,01/01/2020,31/03/2020
3,National Day Promotion,0.1,01/07/2020,30/09/2020
4,Christmas Promotion,0.2,01/11/2020,31/12/2020
5,End of Year Holiday Promotion,0.15,01/11/2020,31/01/2021
6,Singapore Spring Promotion,0.2,01/02/2020,30/04/2020
7,Jun Holiday Promotion,0.1,01/05/2020,30/06/2020
8,Valentines Day Promotion,0.07,01/02/2020,30/04/2020
9,Holidays Promotion,0.1,01/08/2020,30/09/2020
10,Children's Day Promotion,0.2,01/10/2020,31/01/2021
11,Singapore Spring Promotion,0.05,01/01/2021,31/03/2021
12,National Day Promotion,0.1,01/07/2021,30/09/2021
13,Christmas Promotion,0.2,01/11/2021,31/12/2021
14,End of Year Holiday Promotion,0.15,01/11/2021,31/01/2022
15,Singapore CNY Promotion,0.2,01/02/2021,30/04/2021
16,Jun Holiday Promotion,0.1,01/05/2021,30/06/2021
17,Singapore Spring Promotion,0.07,01/02/2021,30/04/2021
18,Holiday Promotion,0.1,01/08/2021,30/09/2021
19,Special Holiday Promotion,0.2,01/10/2021,31/01/2022
20,Singapore Spring Promotion,0.05,01/01/2022,31/03/2022
21,National Day Promotion,0.1,01/07/2022,30/09/2022
22,Christmas Promotion,0.2,01/11/2022,31/12/2022
23,End of Year Holiday Promotion,0.15,01/11/2022,31/01/2023
24,Singapore CNY Promotion,0.2,01/02/2022,30/04/2022
25,Jun Holiday Promotion,0.1,01/05/2022,30/06/2022
26,Valentines Day Promotion,0.07,01/02/2022,30/04/2022
27,National Day Promotion,0.1,01/08/2022,01/09/2022
28,Children's Day Promotion,0.2,01/10/2022,31/12/2022
